,Category,Avg_Ratings
0, UNA ,4.262499999999999
1,Music,4.244605568445477
2,Film & Animation,4.0879615384615375
3,Autos & Vehicles,3.84064935064935
4,News & Politics,3.8094894894894895
